Function,Count Optimal,Mean,Median,Std Dev
himmelblau,29,1.9540518279836923e-07,3.641580865121459e-12,6.921669562781465e-07
griewank,29,0.00047716402025088644,4.718447854656915e-13,0.0018169860728452934
rastrigin,31,5.083818670696459e-13,1.4210854715202004e-14,1.4354010982009053e-12
rosenbrock,31,6.2007084439378555e-12,8.744667776843056e-13,2.4169313836251352e-11
