Function,Count Optimal,Mean,Median,Std Dev
himmelblau,0,2.5,2.5,0.5
griewank,42,1.199364683251645,2.0,1.5127094872946891
rastrigin,104,0.7995764558925479,3.746440225528895e-08,1.358376941587803
rosenbrock,104,0.8496822677526394,0.9999942135831823,1.1795858229587768
